Pan,Leche,Mantequilla,Vino,Aceite,,
Pan,Pañal,Cerveza,Huevos,,,
Pan,Pañal,Cerveza,Huevos,,,
Leche,Pañal,Cerveza,Coca-Cola,,,
Pan,Leche,Pañal,Coca-Cola,Vino,Aceite,Mantequilla
Pan,Leche,Pañal,Cerveza,Vino,,
Pan,Leche,Pañal,Coca-Cola,,,
Pan,Pañal,Cerveza,Huevos,,,
Leche,Pañal,Cerveza,Coca-Cola,Mantequilla,,
Pan,Leche,Pañal,Coca-Cola,,,
Leche,Pañal,Cerveza,Coca-Cola,,,
Pan,Leche,Pañal,Cerveza,,,
Pan,Leche,Pañal,Coca-Cola,Mantequilla,,
Pan,Leche,Pañal,Coca-Cola,,,
Pan,Leche,Pañal,Coca-Cola,Aceite,Mantequilla,
Pan,Leche,Pañal,Cerveza,Vino,,
Leche,Pañal,Cerveza,Coca-Cola,Mantequilla,Vino,Aceite
Pan,Leche,Pañal,Coca-Cola,,,
Pan,Leche,Pañal,Coca-Cola,Mantequilla,,
Pan,Pañal,Cerveza,Huevos,,,
Pan,Leche,Pañal,Cerveza,Vino,Mantequilla,Aceite
Pan,Pañal,Cerveza,Huevos,Vino,Aceite,Mantequilla
Leche,Pañal,Cerveza,Coca-Cola,Mantequilla,Aceite,Vino
Pan,Leche,Pañal,Coca-Cola,,,
Pan,Leche,,,,,
Pan,Leche,Pañal,Coca-Cola,Vino,Mantequilla,
Pan,Leche,Pañal,Cerveza,,,
Pan,Leche,Pañal,Coca-Cola,,,
Pan,Leche,Pañal,Coca-Cola,Vino,Mantequilla,Aceite
Pan,Leche,Pañal,Coca-Cola,Mantequilla,,
Pan,Leche,Pañal,Cerveza,,,
Pan,Leche,Mantequilla,,,,
Pan,Leche,Pañal,Coca-Cola,Vino,Mantequilla,Aceite
Pan,Leche,Vino,Aceite,,,
Pan,Leche,,,,,
Pan,Pañal,Cerveza,Huevos,Vino,Aceite,
Leche,Pañal,Cerveza,Coca-Cola,Vino,,
Pan,Leche,Aceite,Mantequilla,,,
Leche,Pañal,Cerveza,Coca-Cola,,,
Pan,Pañal,Cerveza,Huevos,Aceite,,
Pan,Pañal,Cerveza,Huevos,,,
Leche,Pañal,Cerveza,Coca-Cola,Aceite,Vino,Mantequilla
Leche,Pañal,Cerveza,Coca-Cola,Mantequilla,Vino,Aceite
Leche,Pañal,Cerveza,Coca-Cola,Mantequilla,,
Leche,Pañal,Cerveza,Coca-Cola,Aceite,,
Pan,Leche,Pañal,Coca-Cola,Vino,Mantequilla,Aceite
Pan,Leche,Pañal,Coca-Cola,Vino,Aceite,Mantequilla
Pan,Leche,Pañal,Coca-Cola,Mantequilla,Vino,Aceite
Pan,Leche,Pañal,Cerveza,,,
Pan,Leche,Pañal,Cerveza,Vino,Aceite,Mantequilla
Leche,Pañal,Cerveza,Coca-Cola,Aceite,,
Pan,Leche,Pañal,Cerveza,Vino,Mantequilla,
Pan,Pañal,Cerveza,Huevos,,,
Leche,Pañal,Cerveza,Coca-Cola,,,
Pan,Leche,Pañal,Coca-Cola,Aceite,,
Pan,Leche,Pañal,Coca-Cola,,,
Pan,Pañal,Cerveza,Huevos,Mantequilla,Vino,
Pan,Leche,Pañal,Cerveza,Mantequilla,,
Leche,Pañal,Cerveza,Coca-Cola,Mantequilla,Vino,
Pan,Pañal,Cerveza,Huevos,Vino,Aceite,Mantequilla
Leche,Pañal,Cerveza,Coca-Cola,Mantequilla,Aceite,Vino
Pan,Leche,,,,,
Pan,Leche,Pañal,Cerveza,Mantequilla,,
Pan,Leche,Pañal,Coca-Cola,,,
Pan,Leche,Pañal,Coca-Cola,,,
Pan,Leche,Pañal,Cerveza,Aceite,Vino,
Leche,Pañal,Cerveza,Coca-Cola,Aceite,,
Pan,Pañal,Cerveza,Huevos,Aceite,Vino,Mantequilla
Pan,Leche,Pañal,Coca-Cola,Vino,,
Pan,Leche,Vino,Aceite,Mantequilla,,
Pan,Leche,Pañal,Coca-Cola,Mantequilla,Aceite,
Pan,Pañal,Cerveza,Huevos,,,
Pan,Leche,Mantequilla,,,,
Leche,Pañal,Cerveza,Coca-Cola,,,
Leche,Pañal,Cerveza,Coca-Cola,,,
Pan,Leche,Mantequilla,,,,
Pan,Leche,Pañal,Cerveza,,,
Leche,Pañal,Cerveza,Coca-Cola,Mantequilla,Vino,
Pan,Leche,Pañal,Cerveza,Aceite,Vino,
Pan,Leche,Aceite,,,,
Leche,Pañal,Cerveza,Coca-Cola,,,
Pan,Pañal,Cerveza,Huevos,Vino,Aceite,Mantequilla
Pan,Leche,Aceite,Vino,Mantequilla,,
Leche,Pañal,Cerveza,Coca-Cola,Vino,Mantequilla,
Pan,Leche,Aceite,Vino,,,
Leche,Pañal,Cerveza,Coca-Cola,Mantequilla,Vino,Aceite
Pan,Leche,Pañal,Cerveza,Vino,,
Pan,Leche,Pañal,Cerveza,Mantequilla,Aceite,Vino
Pan,Leche,,,,,
Leche,Pañal,Cerveza,Coca-Cola,Mantequilla,Vino,
Pan,Pañal,Cerveza,Huevos,Mantequilla,Aceite,
Pan,Pañal,Cerveza,Huevos,Vino,Aceite,Mantequilla
Pan,Leche,Mantequilla,Vino,,,
Pan,Leche,Pañal,Cerveza,Mantequilla,Aceite,
Pan,Leche,Pañal,Coca-Cola,,,
Pan,Leche,Pañal,Coca-Cola,Vino,Aceite,Mantequilla
Leche,Pañal,Cerveza,Coca-Cola,Aceite,,
Leche,Pañal,Cerveza,Coca-Cola,Vino,Aceite,Mantequilla
Pan,Leche,Pañal,Coca-Cola,Mantequilla,,
Pan,Leche,Pañal,Coca-Cola,Mantequilla,,
